Frame,Total_Brightness,Average_Brightness,Max_Value,Max_X,Max_Y
0,68226441,75.49845189,255,769,253
1,68208804,75.47893502,255,769,253
2,68187653,75.45552961,255,776,253
3,68230174,75.50258277,255,792,253
4,68213933,75.4846107,255,769,253
5,68211163,75.48154546,255,766,253
6,68179061,75.44602182,255,769,253
7,68186558,75.4543179,255,858,253
8,68187040,75.45485127,255,867,253
9,68220261,75.49161318,255,787,253
10,68213840,75.48450779,255,773,253
11,68197761,75.46671499,255,769,253
12,68197166,75.46605657,255,778,253
13,68189632,75.45771955,255,798,253
14,68214339,75.48505998,255,775,253
15,68200251,75.46947039,255,776,253
16,68209369,75.47956024,255,776,253
17,68204549,75.4742265,255,775,253
18,68235193,75.50813673,255,775,253
19,68224765,75.49659725,255,775,253
20,68192747,75.46116656,255,773,253
21,68215605,75.48646092,255,765,253
22,68235125,75.50806148,255,765,253
23,68196844,75.46570025,255,766,253
24,68184560,75.45210694,255,766,253
25,68237273,75.51043843,255,775,253
26,68261309,75.53703634,255,785,253
27,68261314,75.53704187,255,785,253
28,68214730,75.48549265,255,827,253
29,67160579,74.31898349,255,779,253
30,68237425,75.51060663,255,779,253
31,68205149,75.47489045,255,776,253
32,68218114,75.48923734,255,776,253
33,68205554,75.47533862,255,774,253
34,68225213,75.497093,255,771,253
35,68231369,75.50390514,255,825,253
36,68231535,75.50408884,255,825,253
37,68160317,75.42527997,255,820,253
38,68153875,75.41815134,255,795,253
39,68155682,75.42015094,255,795,253
40,68128053,75.38957706,255,769,253
41,68130940,75.39277178,255,789,253
42,68144803,75.40811238,255,783,253
43,68140430,75.40327328,255,778,253
44,68115514,75.37570158,255,779,253
45,68113811,75.37381706,255,784,253
46,68112021,75.37183627,255,783,254
47,68103869,75.36281538,255,772,254
48,68111583,75.37135158,255,784,254
49,68138769,75.40143524,255,776,253
50,68126591,75.38795923,255,796,255
51,68043776,75.29631728,255,766,253
52,68049674,75.30284393,255,763,253
53,68033277,75.28469923,255,769,253
54,68041179,75.29344348,255,784,253
55,68044385,75.29699119,255,786,253
56,68049231,75.30235371,255,786,253
57,68017530,75.26727381,255,774,253
58,68048112,75.30111544,255,775,253
59,68052011,75.30543002,255,765,253
60,68056754,75.31067856,255,761,253
61,68043135,75.29560796,255,766,253
62,68019410,75.2693542,255,769,253
63,68016816,75.26648371,255,795,253
64,68004454,75.25280409,255,792,253
65,68002505,75.25064735,255,789,253
66,67985291,75.23159857,255,814,253
67,67982958,75.22901691,255,861,253
68,57140018,63.23036694,255,809,253
69,67937021,75.17818365,255,780,253
70,67955780,75.1989421,255,808,253
71,67961659,75.20544772,255,778,253
72,67995756,75.243179,255,782,253
73,67995984,75.2434313,255,782,253
74,67984265,75.23046322,255,779,253
75,67945323,75.18737053,255,777,253
76,67930511,75.17097977,255,776,253
77,67924764,75.16462022,255,770,253
78,67899721,75.13690798,255,793,253
79,67900284,75.13753098,255,793,253
80,67889293,75.12536849,255,795,253
81,67900080,75.13730524,255,795,253
82,67935934,75.17698079,255,853,253
83,67896370,75.13319981,255,795,253
84,67877475,75.11229086,255,790,251
85,67864674,75.09812544,255,801,252
86,67929190,75.16951797,255,814,253
87,67949322,75.19179577,255,784,256
88,67909508,75.14773814,255,785,253
89,67906260,75.14414394,255,781,253
90,67862201,75.09538885,255,775,252
91,67861682,75.09481454,255,771,252
92,67856534,75.08911783,255,792,251
93,67846362,75.07786163,255,774,251
94,67883740,75.11922362,255,772,251
95,67905834,75.14367254,255,787,254
96,67942460,75.18420237,255,827,253
97,67903233,75.14079431,255,780,252
98,67871460,75.10563474,255,768,251
99,67870413,75.10447614,255,768,251
100,67830584,75.06040191,255,766,251
101,67885606,75.12128851,255,867,253
102,67890507,75.12671189,255,795,253
103,67897442,75.13438607,255,774,252
104,67951644,75.19436526,255,775,252
105,67939302,75.18070777,255,776,252
106,67941591,75.18324075,255,776,252
107,67900814,75.13811748,255,778,251
108,67924257,75.16405918,255,776,251
109,67935509,75.17651049,255,811,251
110,67950799,75.1934302,255,779,251
111,67995868,75.24330294,255,785,252
112,67922304,75.16189802,255,775,251
113,67922188,75.16176965,255,784,250
114,67954329,75.19733645,255,770,251
115,68028369,75.2792681,255,787,251
116,68030235,75.28133299,255,787,251
117,68054489,75.30817214,255,783,251
118,68072695,75.32831865,255,769,251
119,68025558,75.27615749,255,776,251
120,68051840,75.30524079,255,791,251
121,68111654,75.37143015,255,784,251
122,68108005,75.36739222,255,784,251
123,68065579,75.32044418,255,782,251
124,68062248,75.31675814,255,823,251
125,68044330,75.29693033,255,777,251
126,68093211,75.35102138,255,774,251
127,68145041,75.40837575,255,770,251
128,68133991,75.39614797,255,785,251
129,68210224,75.48050637,255,781,251
130,68236709,75.50981431,255,777,251
131,68245669,75.51972933,255,771,251
132,68188330,75.45627877,255,788,251
133,68224054,75.49581046,255,770,251
134,68235426,75.50839456,255,766,251
135,68235149,75.50808804,255,766,251
136,68235212,75.50815775,255,769,251
137,68159836,75.4247477,255,776,249
138,68273063,75.55004316,255,780,251
139,68314982,75.59643015,255,784,251
140,68312516,75.59370131,255,868,251
141,68322173,75.60438762,255,771,251
142,68324771,75.60726253,255,771,251
143,68298438,75.57812279,255,780,251
144,65359483,72.32591515,255,821,250
145,68288811,75.56746968,255,805,249
146,68297019,75.57655254,255,770,250
147,68342241,75.62659459,255,777,251
148,68287744,75.56628895,255,775,249
149,68295577,75.57495684,255,773,249
150,68311073,75.59210451,255,778,249
151,68377591,75.66571242,255,857,251
152,68377613,75.66573677,255,857,251
153,68346818,75.63165944,255,861,250
154,68362629,75.64915567,255,858,288
155,68376708,75.6647353,255,779,249
156,68375335,75.66321596,255,823,249
157,68370790,75.65818653,255,823,249
158,68347912,75.63287004,255,784,249
159,68390208,75.67967422,255,849,251
160,68436573,75.7309811,255,778,251
161,68447158,75.74269432,255,778,251
162,68466060,75.76361101,255,776,251
163,68402925,75.69374668,255,779,249
164,68396877,75.68705405,255,770,249
165,68409940,75.70150938,255,787,249
166,68440698,75.73554577,255,865,251
167,68438875,75.73352846,255,865,251
168,68415325,75.70746835,255,848,251
169,68403241,75.69409636,255,788,249
170,68414640,75.70671034,255,846,249
171,68425727,75.71897906,255,802,249
172,68436587,75.73099659,255,863,249
173,68458417,75.75515337,255,782,251
174,68466964,75.76461137,255,849,251
175,68442686,75.73774566,255,856,249
176,68429470,75.72312102,255,787,249
177,68428221,75.72173889,255,806,249
178,68393657,75.68349084,255,816,249
179,68388191,75.67744224,255,780,249
180,68398797,75.68917869,255,779,249
181,68412016,75.70380666,255,845,249
182,68420534,75.71323256,255,861,249
183,68393269,75.68306148,255,787,249
184,68424959,75.71812921,255,784,249
185,68412479,75.70431901,255,813,249
186,68432701,75.7266964,255,784,249
187,68407640,75.69896424,255,792,249
188,68395697,75.68574827,255,810,249
189,68377644,75.66577107,255,856,249
190,68366870,75.65384871,255,793,247
191,68348233,75.63322526,255,784,249
192,68357003,75.64293002,255,784,249
193,68331436,75.61463792,255,796,249
194,68347077,75.63194604,255,796,249
195,68321048,75.60314271,255,770,249
196,68374918,75.66275451,255,777,249
197,68394060,75.68393679,255,777,249
198,68409809,75.70136442,255,775,249
199,68395996,75.68607914,255,777,249
200,68349457,75.63457972,255,800,247
201,68351950,75.63733844,255,800,247
202,68299019,75.57876571,255,776,247
203,68309920,75.59082861,255,777,247
204,68345718,75.63044219,255,770,249
205,68342131,75.62647287,255,778,249
206,68348339,75.63334255,255,778,249
207,68334881,75.61845012,255,775,249
208,68304096,75.58438385,255,776,247
209,68331358,75.61455161,255,775,247
210,68342111,75.62645073,255,779,247
211,68342017,75.62634672,255,779,247
212,68365713,75.65256839,255,780,249
213,68345870,75.63061039,255,776,249
214,68366402,75.65333083,255,777,249
215,68331710,75.61494113,255,772,247
216,68294284,75.57352603,255,794,247
217,68295833,75.57524013,255,794,247
218,68270626,75.54734641,255,768,247
219,68295565,75.57494356,255,795,247
220,68370986,75.65840342,255,769,249
221,68322618,75.60488005,255,770,247
222,68337494,75.62134163,255,851,247
223,68335515,75.61915169,255,851,247
224,68286131,75.56450403,255,756,247
225,68305811,75.58628165,255,784,247
226,68322840,75.60512571,255,769,247
227,68323948,75.60635181,255,770,247
228,68331315,75.61450403,255,766,247
229,68360708,75.64702992,255,763,247
230,68368030,75.65513235,255,769,247
231,68338932,75.6229329,255,784,247
232,68339829,75.6239255,255,784,247
233,68314186,75.59554931,255,770,245
234,68334987,75.61856741,255,768,247
235,68412303,75.70412425,255,778,248
236,68385150,75.67407711,255,762,247
237,68388089,75.67732936,255,763,247
238,68347444,75.63235216,255,768,247
239,68346795,75.63163399,255,851,247
240,68386943,75.67606122,255,766,248
241,68398597,75.68895737,255,767,247
242,68395717,75.68577041,255,767,247
243,68415333,75.7074772,255,768,247
244,68409822,75.70137881,255,865,247
245,68441742,75.73670104,255,795,247
246,68425462,75.71868582,255,769,246
247,68424162,75.71724726,255,851,247
248,68467614,75.76533065,255,768,247
249,68469113,75.76698942,255,768,247
250,68429917,75.72361566,255,760,247
251,68412856,75.70473619,255,779,246
252,68413316,75.70524522,255,779,246
253,68464765,75.76217798,255,807,245
254,68499372,75.80047362,255,779,246
255,68522918,75.8265293,255,861,247
256,68508167,75.81020605,255,786,245
257,68531199,75.83569294,255,785,247
258,68516359,75.8192712,255,769,247
259,68521361,75.82480635,255,787,247
260,68529281,75.83357051,255,770,245
261,68502150,75.80354772,255,768,245
262,68497453,75.79835008,255,765,245
263,68560254,75.86784481,255,819,248
264,68559896,75.86744865,255,819,248
265,68577928,75.88740262,255,784,247
266,68602768,75.91489023,255,832,247
267,68568981,75.87750199,255,738,283
268,68606738,75.91928337,255,778,245
269,65077883,72.01430042,255,820,245
270,68604622,75.91694184,255,771,245
271,68623095,75.93738381,255,771,245
272,68576037,75.88531007,255,784,245
273,68579744,75.88941218,255,784,245
274,68629095,75.94402333,255,817,247
275,68647574,75.96447194,255,782,247
276,68640614,75.9567701,255,864,245
277,68640678,75.95684092,255,863,245
278,68608985,75.92176987,255,816,245
279,68638766,75.95472512,255,782,246
280,68689248,76.01058782,255,780,246
281,68677956,75.99809225,255,782,245
282,68680691,76.00111876,255,782,245
283,68658431,75.97648615,255,782,245
284,68652115,75.96949695,255,795,245
285,68688337,76.00957972,255,779,245
286,58300903,64.5149865,255,759,245
287,68691729,76.01333326,255,759,245
288,68693890,76.01572459,255,771,246
289,68721135,76.04587354,255,786,245
290,68735401,76.0616601,255,786,245
291,68735636,76.06192015,255,775,245
292,68719383,76.0439348,255,863,245
293,68719233,76.04376881,255,858,246
294,68683718,76.0044684,255,874,245
295,68699667,76.02211734,255,792,245
296,68703783,76.02667205,255,792,245
297,68693165,76.01492232,255,792,245
298,68697277,76.0194726,255,784,245
299,68738952,76.06558959,255,768,245
300,68739441,76.06613071,255,768,245
301,68744959,76.07223685,255,780,245
302,68704167,76.02709698,255,780,245
303,68723215,76.04817524,255,775,245
304,68721882,76.04670016,255,853,246
305,68739543,76.06624358,255,862,246
306,68740268,76.06704586,255,780,245
307,68739998,76.06674708,255,780,245
308,68716706,76.04097247,255,1045,251
309,68726796,76.05213792,255,1035,248
310,68702014,76.0247145,255,1037,247
311,68736592,76.06297805,255,865,246
312,68745369,76.07269055,255,851,246
313,68692698,76.01440554,255,868,245
314,68705917,76.02903351,255,865,245
315,68692354,76.01402488,255,878,246
316,68710367,76.03395782,255,828,245
317,68707513,76.03079962,255,1027,251
318,68708239,76.031603,255,785,243
319,68714826,76.03889209,255,818,245
320,68717060,76.0413642,255,859,245
321,68701333,76.02396092,255,788,245
322,68731996,76.05789217,255,785,245
323,68739741,76.06646269,255,777,243
324,68738242,76.06480391,255,776,243
325,68727142,76.0525208,255,772,243
326,68715736,76.03989908,255,865,246
327,68717637,76.0420027,255,1042,247
328,68708186,76.03154435,255,864,246
329,68680917,76.00136885,255,863,246
330,68679611,75.99992365,255,817,244
331,68690577,76.01205847,255,817,243
332,68690301,76.01175305,255,814,243
333,68695724,76.01775407,255,853,244
334,68687633,76.00880068,255,1030,247
335,68689679,76.01106476,255,792,243
336,59759470,66.12901691,255,865,243
337,68632322,75.94759428,255,816,244
338,68661947,75.9803769,255,862,246
339,68659142,75.97727293,255,812,243
340,68638719,75.95467311,255,784,243
341,68633226,75.94859464,255,784,244
342,68633711,75.94913133,255,784,244
343,68595022,75.90631861,255,822,243
344,68613673,75.92695755,255,780,243
345,68636741,75.95248429,255,788,243
346,68614324,75.92767794,255,783,243
347,68624011,75.93839744,255,784,243
348,68608954,75.92173557,255,869,245
349,68611394,75.92443564,255,869,245
350,68617956,75.93169706,255,867,246
351,68576913,75.88627944,255,784,243
352,62829167,69.52590187,255,823,243
353,68560116,75.8676921,255,823,243
354,68598872,75.91057897,255,786,243
355,68580299,75.89002634,255,876,243
356,68609354,75.9221782,255,787,243
357,68623835,75.93820268,255,864,244
358,68606766,75.91931436,255,864,244
359,68570537,75.87922384,255,779,243
360,68581839,75.89173048,255,779,243
361,68623298,75.93760845,255,779,244
362,68628794,75.94369024,255,779,244
363,68555619,75.86271578,255,781,243
364,68578573,75.88811637,255,868,243
365,68550569,75.85712752,255,813,243
366,68553463,75.86032998,255,796,243
367,68561521,75.86924686,255,796,243
368,68535707,75.84068144,255,788,243
369,68571663,75.88046986,255,792,243
370,68554271,75.86122411,255,857,243
371,68555496,75.86257967,255,785,243
372,68544860,75.85081002,255,859,243
373,68546662,75.85280409,255,859,243
374,68556147,75.86330006,255,776,243
375,68526345,75.83032157,255,778,241
376,68533851,75.83862761,255,869,244
377,68537096,75.84221848,255,869,244
378,68560588,75.86821441,255,784,243
379,68595063,75.90636398,255,938,249
380,68597725,75.90930971,255,782,243
381,68606868,75.91942723,255,777,243
382,68602365,75.91444427,255,868,244
383,68578206,75.88771025,255,779,241
384,68574402,75.8835008,255,779,241
385,68602832,75.91496105,255,779,241
386,68613826,75.92712686,255,786,243
387,68613614,75.92689226,255,786,243
388,68591265,75.90216116,255,783,243
389,68606578,75.91910632,255,827,243
390,68617802,75.93152665,255,863,241
391,68625575,75.94012814,255,782,241
392,68644877,75.96148747,255,785,241
393,68684144,76.0049398,255,873,244
394,68703914,76.02681701,255,875,243
395,68696508,76.01862164,255,870,244
396,68706342,76.02950381,255,869,241
397,68701812,76.02449097,255,869,241
398,68673894,75.99359729,255,866,243
399,68678918,75.99915678,255,859,243
400,63309046,70.05692944,255,814,243
401,68674289,75.99403439,255,782,242
402,68678663,75.9988746,255,782,242
403,68750324,76.07817369,255,919,243
404,68752238,76.0802917,255,883,243
405,68766366,76.09592555,255,881,243
406,68765565,76.09503917,255,884,243
407,68766401,76.09596428,255,884,243
408,68754220,76.08248495,255,883,243
409,68755270,76.08364687,255,785,242
410,68774584,76.10501948,255,784,241
411,68799756,76.13287447,255,883,243
412,68798400,76.13137394,255,883,243
413,68772243,76.10242896,255,878,243
414,62234700,68.86807277,255,874,241
415,68815181,76.14994356,255,865,241
416,68862765,76.20259937,255,861,243
417,68860963,76.2006053,255,861,243
418,68867523,76.20786451,255,798,242
419,68888989,76.23161849,255,861,241
420,68911209,76.25620684,255,791,241
421,68944725,76.29329519,255,861,243
422,68943108,76.29150584,255,861,243
423,68857389,76.19665036,255,861,241
424,68912696,76.25785234,255,857,243
425,68914244,76.25956533,255,790,241
426,68916127,76.26164904,255,791,241
427,68976309,76.32824562,255,760,241
428,69033787,76.39184999,255,785,242
429,69015325,76.37142019,255,843,241
430,69032805,76.39076332,255,878,241
431,68992698,76.34638146,255,877,240
432,69010697,76.36629891,255,843,241
433,69027424,76.38480878,255,877,241
434,69043867,76.40300438,255,782,241
435,69046201,76.40558715,255,845,241
436,69053474,76.41363536,255,787,241
437,69031897,76.38975854,255,787,241
438,69053859,76.41406139,255,869,239
439,69122617,76.49014806,255,863,240
440,69138448,76.50766643,255,824,241
441,69159909,76.53141488,255,859,239
442,69174242,76.54727558,255,859,239
443,69174021,76.54703103,255,859,239
444,69131776,76.50028329,255,859,239
445,69162482,76.53426213,255,857,239
446,69166464,76.53866856,255,860,239
447,69167777,76.5401215,255,860,239
448,69162683,76.53448455,255,857,239
449,69191730,76.56662757,255,853,240
450,63788911,70.58794153,255,787,239
451,69226564,76.6051744,255,845,239
452,69274103,76.65778041,255,779,239
453,69254466,76.63605037,255,779,239
454,69230650,76.60969591,255,804,239
455,69241470,76.62166917,255,838,239
456,69270890,76.65422495,255,838,239
457,69255641,76.63735061,255,837,240
458,69276845,76.66081467,255,836,239
459,69281275,76.66571685,255,777,239
460,68065484,75.32033906,255,806,239
461,69283960,76.66868803,255,836,239
462,69312152,76.69988492,255,834,239
463,69302458,76.68915767,255,774,239
464,69287160,76.67222911,255,768,239
465,69314465,76.70244445,255,792,239
466,69319860,76.70841448,255,819,237
467,69328856,76.71836933,255,819,237
468,69358496,76.75116856,255,819,237
469,69341340,76.73218396,255,819,238
470,69319276,76.70776824,255,786,239
471,69351817,76.74377766,255,818,239
472,69320005,76.70857494,255,818,239
473,69364169,76.75744622,255,816,237
474,69351693,76.74364045,255,782,239
475,69349539,76.74125686,255,812,237
476,69386798,76.78248716,255,808,237
477,69397730,76.79458437,255,808,237
478,69398602,76.79554931,255,808,237
479,69396197,76.79288797,255,805,237
480,69435852,76.83676965,255,870,237
481,69443633,76.84538,255,869,237
482,69420986,76.82031914,255,865,237
483,69421351,76.82072304,255,865,237
484,69427940,76.82801434,255,869,237
485,69448232,76.85046919,255,867,237
486,69463286,76.86712774,255,863,237
487,69446479,76.84852935,255,862,237
488,69509250,76.91799088,255,788,237
489,69495268,76.90251859,255,783,237
490,69494457,76.90162115,255,780,237
491,69516112,76.92558428,255,778,237
492,69525153,76.93558893,255,778,237
493,69505137,76.91343949,255,845,237
494,69541577,76.9537635,255,778,237
495,69557090,76.97092998,255,875,237
496,69554501,76.96806502,255,855,237
497,69558737,76.97275252,255,778,237
498,69522398,76.93254028,255,776,237
499,69553669,76.96714434,255,773,237
500,69547010,76.95977558,255,834,237
501,69541555,76.95373916,255,859,235
502,69544817,76.95734884,255,859,235
503,69571204,76.98654834,255,756,237
504,69580925,76.99730546,255,856,235
505,69553012,76.96641732,255,823,235
506,69565226,76.97993316,255,857,236
507,69565375,76.98009804,255,857,236
508,69553800,76.96728931,255,822,237
509,69571287,76.98664018,255,854,235
510,69596333,77.01435575,255,758,237
511,69529531,76.94043356,255,818,235
512,69691394,77.11954896,255,820,236
513,69615186,77.03521822,255,811,235
514,69567177,76.98209211,255,806,235
515,69593411,77.0111223,255,803,235
516,69610176,77.02967422,255,803,235
517,69609529,77.02895826,255,803,235
518,69584325,77.00106786,255,811,235
519,69593736,77.01148194,255,810,235
520,69611595,77.03124447,255,806,235
521,69613337,77.03317214,255,803,235
522,69606716,77.02584543,255,803,235
523,69585979,77.00289815,255,800,235
524,69576277,76.99216205,255,792,235
525,69579522,76.99575292,255,786,235
526,69616137,77.03627058,255,817,233
527,69630426,77.0520826,255,781,235
528,69629981,77.05159016,255,781,235
529,69578451,76.99456777,255,779,235
530,69583731,77.00041054,255,777,235
531,69600174,77.01860614,255,776,235
532,69590230,77.00760225,255,778,235
533,69583841,77.00053227,255,779,235
534,69583526,77.00018369,255,779,235
535,69613546,77.03340342,255,778,235
536,69616888,77.03710163,255,774,235
537,69631787,77.05358866,255,807,234
538,69599951,77.01835938,255,786,233
539,69631300,77.05304975,255,794,234
540,69647910,77.07143015,255,823,233
541,69660330,77.08517396,255,820,233
542,69645877,77.06918046,255,788,233
543,69646056,77.06937854,255,788,233
544,69608724,77.02806746,255,819,233
545,69611208,77.03081622,255,819,233
546,69611336,77.03095786,255,788,233
547,69629840,77.05143414,255,787,233
548,69626708,77.04796831,255,785,233
549,69628983,77.05048579,255,785,233
550,69639370,77.0619799,255,784,233
551,69642660,77.06562057,255,778,233
552,69673593,77.09985061,255,807,233
553,69659412,77.08415811,255,769,233
554,69686926,77.11460473,255,768,233
555,69707455,77.13732184,255,808,233
556,56747883,62.79643569,255,769,233
557,69690516,77.11857737,255,769,235
558,69694119,77.1225644,255,768,233
559,69699496,77.12851452,255,767,233
560,69729452,77.16166342,255,766,233
561,69737435,77.1704973,255,767,233
562,68732152,76.0580648,255,764,233
563,69723087,77.15462,255,764,233
564,69745988,77.17996193,255,759,233
565,69811335,77.25227404,255,755,233
566,69775160,77.21224327,255,780,233
567,69830368,77.27333569,255,778,233
568,69837749,77.28150341,255,778,233
569,69815316,77.25667936,255,776,233
570,69846302,77.29096804,255,779,233
571,69854229,77.29973995,255,779,233
572,69868850,77.31591935,255,778,233
573,69879860,77.32810287,255,774,233
574,69877678,77.3256883,255,774,233
575,69849756,77.29479019,255,772,233
576,69941259,77.39604617,255,772,233
577,69944317,77.39943011,255,766,233
578,69954461,77.41065532,255,766,233
579,69973008,77.43117918,255,764,233
580,69944818,77.39998451,255,766,233
581,69943090,77.39807233,255,769,233
582,69936788,77.39109862,255,769,231
583,69938773,77.39329519,255,769,231
584,69920695,77.37329032,255,765,231
585,69950478,77.40624779,255,763,233
586,69958712,77.41535942,255,761,233
587,69998390,77.45926655,255,760,231
588,70000283,77.46136132,255,757,231
589,70007226,77.46904435,255,757,231
590,70020891,77.48416586,255,778,233
591,70061589,77.52920171,255,808,231
592,70035482,77.50031206,255,760,232
593,70033368,77.49797273,255,784,232
594,70045259,77.51113115,255,760,233
595,70028500,77.49258587,255,778,233
596,70069556,77.53801788,255,779,233
597,70051212,77.51771866,255,777,233
598,70092899,77.56384893,255,779,231
599,70127929,77.60261265,255,775,232
600,70113575,77.58672871,255,770,231
601,67741428,74.96174309,255,816,232
602,70145467,77.62201996,255,763,231
603,70188274,77.66938961,255,762,231
604,70199124,77.68139607,255,775,233
605,70192875,77.67448101,255,771,232
606,70193850,77.67555993,255,762,231
607,70172009,77.65139098,255,762,231
608,70171935,77.65130909,255,771,233
609,70172813,77.65228067,255,771,233
610,70187283,77.66829298,255,759,231
611,70193647,77.6753353,255,763,231
612,70194156,77.67589855,255,780,233
613,70205205,77.68812522,255,766,233
614,70251773,77.73965674,255,770,233
615,70269467,77.75923668,255,788,231
616,70294584,77.78703081,255,766,231
617,70305349,77.79894321,255,766,231
618,70284453,77.77581998,255,765,231
619,70270166,77.76001018,255,765,231
620,70294929,77.78741258,255,765,231
621,70299773,77.79277288,255,765,231
622,70323565,77.81910079,255,764,231
623,70297582,77.79034835,255,779,231
624,70304030,77.79748362,255,779,231
625,70305426,77.79902842,255,760,231
626,70334699,77.83142152,255,772,231
627,70362544,77.86223442,255,768,231
628,55809146,61.75764209,255,768,231
629,70328281,77.82431945,255,767,231
630,70339187,77.83638788,255,767,231
631,70377809,77.87912646,255,767,231
632,70354426,77.85325115,255,768,232
633,70353163,77.85185353,255,768,232
634,70368624,77.86896246,255,821,232
635,70359272,77.85861367,255,817,231
636,52433535,58.02223685,255,763,231
637,70361166,77.86070954,255,763,231
638,70398819,77.90237584,255,756,231
639,70386865,77.88914771,255,811,231
640,70526734,78.04392484,255,813,231
641,70462583,77.97293622,255,811,231
642,59933590,66.32169573,255,825,231
643,70496268,78.01021158,255,804,232
644,70453135,77.96248119,255,818,231
645,70453590,77.96298468,255,822,231
646,70455904,77.96554533,255,823,231
647,54388188,60.18522928,255,830,231
648,70434940,77.94234685,255,832,231
649,70452710,77.96201089,255,819,231
650,70443463,77.95177828,255,812,231
651,70435802,77.94330073,255,820,231
652,58938744,65.22081268,255,813,231
653,70502473,78.01707795,255,799,231
654,70500441,78.01482936,255,799,231
655,70505812,78.02077284,255,783,231
656,70465510,77.97617519,255,792,231
657,56034516,62.00703346,255,807,231
658,70466194,77.9769321,255,781,231
659,70469016,77.98005489,255,781,231
660,70466839,77.97764585,255,805,231
661,70503384,78.01808605,255,804,231
662,70511091,78.02661451,255,832,231
663,70508940,78.02423424,255,832,231
664,70470829,77.98206113,255,787,231
665,70486216,77.99908817,255,816,231
666,70496797,78.01079696,255,813,231
667,70501471,78.01596915,255,813,231
668,70494350,78.00808915,255,813,231
669,70483753,77.99636265,255,789,229
670,70544282,78.06334322,255,785,231
671,70541623,78.06040081,255,764,229
672,70535715,78.05386309,255,824,230
673,70523478,78.0403218,255,790,231
674,70523834,78.04071574,255,791,231
675,70515014,78.03095565,255,787,231
676,70525715,78.04279723,255,784,230
677,70492745,78.00631308,255,812,229
678,70500334,78.01471096,255,812,229
679,70498004,78.01213261,255,768,229
680,70538297,78.0567203,255,476,231
681,70551433,78.07125642,255,802,231
682,70552367,78.07228997,255,788,229
683,70546415,78.06570357,255,796,231
684,70551881,78.07175217,255,796,231
685,70534313,78.05231166,255,769,229
686,70559878,78.08060154,255,473,231
687,51896278,57.42771556,255,808,229
688,70565772,78.08712376,255,808,231
689,70569381,78.09111743,255,816,231
690,70552981,78.07296941,255,789,229
691,70552733,78.07269498,255,780,231
692,70561688,78.08260446,255,787,229
693,70564836,78.086088,255,787,229
694,70561652,78.08256462,255,796,230
695,70518822,78.03516953,255,784,229
696,70556175,78.07650385,255,801,230
697,70538387,78.05681989,255,452,229
698,70597381,78.12210185,255,454,231
699,70581940,78.10501505,255,455,231
700,70565827,78.08718462,255,787,229
701,70545127,78.06427828,255,770,227
702,70551036,78.0708171,255,770,227
703,70548485,78.0679942,255,779,229
704,64778479,71.68298402,255,812,229
705,70555719,78.07599925,255,767,227
706,70550997,78.07077395,255,816,229
707,70567574,78.08911783,255,791,229
708,70619015,78.14604174,255,768,229
709,70617074,78.14389386,255,768,229
710,70533525,78.05143967,255,766,228
711,56326050,62.32964102,255,767,229
712,53496432,59.19842422,255,767,229
713,70601084,78.12619954,255,768,229
714,70610852,78.13700868,255,768,229
715,70606346,78.1320224,255,768,229
716,70523978,78.04087509,255,424,229
717,70543548,78.06253098,255,416,229
718,70564820,78.08607029,255,416,229
719,70565893,78.08725766,255,414,229
720,70567006,78.08848929,255,414,229
721,70553494,78.07353709,255,415,229
722,70597260,78.12196795,255,414,229
723,70607559,78.13336469,255,810,229
724,70592067,78.11622145,255,779,229
725,70538743,78.05721384,255,796,227
726,70569182,78.09089722,255,414,229
727,70586329,78.10987186,255,770,229
728,70588289,78.11204077,255,770,229
729,70568516,78.09016023,255,408,229
730,70540955,78.05966161,255,398,229
731,70566111,78.08749889,255,769,229
732,70576144,78.09860127,255,776,227
733,70595078,78.11955338,255,797,227
734,70612475,78.13880467,255,396,229
735,70605931,78.13156316,255,774,227
736,70620296,78.14745928,255,811,229
737,70617239,78.14407644,255,794,227
738,70567931,78.08951288,255,782,227
739,70580937,78.10390514,255,774,227
740,70582015,78.10509804,255,774,227
741,70560393,78.08117143,255,768,227
742,70592142,78.11630444,255,776,229
743,70618944,78.14596317,255,786,229
744,70617891,78.14479794,255,786,229
745,70540813,78.05950447,255,760,227
746,70568601,78.09025429,255,816,229
747,70572710,78.09480126,255,873,227
748,70600631,78.12569826,255,813,229
749,70581147,78.10413753,255,816,229
750,70570204,78.09202815,255,773,227
751,70582247,78.10535477,255,774,227
752,70614779,78.14135424,255,771,227
753,70571143,78.09306724,255,769,227
754,70571291,78.09323101,255,764,227
755,70578079,78.10074252,255,764,227
756,70555935,78.07623827,255,765,227
757,70577935,78.10058317,255,762,227
758,70558350,78.07891068,255,765,227
759,70570014,78.0918179,255,768,227
760,70570021,78.09182565,255,768,227
761,70569334,78.09106542,255,818,227
762,70579009,78.10177164,255,787,227
763,70560771,78.08158972,255,770,227
764,70560619,78.08142152,255,770,227
765,70533582,78.05150274,255,759,227
766,70561106,78.08196043,255,855,227
767,70581944,78.10501948,255,779,227
768,70692959,78.22786717,255,776,227
769,54556771,60.37178094,255,770,227
770,70643164,78.1727647,255,771,227
771,70610747,78.13689248,255,766,227
772,70609310,78.13530232,255,340,227
773,70580614,78.10354772,255,340,227
774,70573833,78.09604395,255,771,227
775,70611041,78.13721782,255,768,227
776,70601981,78.12719215,255,787,227
777,57828916,63.9926921,255,776,227
778,70607625,78.13343772,255,769,227
779,70558319,78.07887637,255,323,227
780,70565169,78.08645649,255,323,227
781,70585988,78.10949451,255,323,227
782,70564642,78.08587332,255,323,227
783,70591234,78.11529966,255,789,227
784,70570677,78.09255157,255,769,227
785,70570395,78.09223951,255,769,227
786,70599755,78.12472889,255,320,227
787,70577182,78.09974991,255,320,227
788,70541472,78.06023371,255,316,227
789,70523305,78.04013036,255,768,227
790,70562616,78.08363137,255,785,227
791,70529377,78.04684955,255,811,227
792,70564921,78.08618206,255,785,226
793,70563506,78.08461624,255,785,226
794,70523635,78.04049553,255,798,226
795,70522203,78.0389109,255,791,227
796,70546920,78.06626239,255,783,226
797,70560020,78.08075868,255,778,227
798,70575825,78.09824827,255,786,227
799,70554420,78.07456179,255,781,227
800,70513500,78.02928028,255,779,225
801,70523766,78.04064049,255,787,227
802,58649281,64.90049686,255,776,226
803,70482844,77.99535676,255,798,227
804,70504889,78.01975146,255,795,227
805,70526835,78.04403661,255,792,225
806,70499403,78.01368073,255,784,225
807,70506678,78.02173114,255,769,225
808,70514762,78.03067679,255,769,225
809,70511402,78.02695866,255,781,227
810,70519085,78.03546056,255,779,227
811,70535101,78.05318365,255,785,225
812,70480281,77.99252058,255,782,225
813,70513407,78.02917736,255,788,225
814,70527486,78.04475699,255,772,225
815,70470385,77.9815698,255,766,225
816,70484190,77.99684623,255,767,225
817,70498158,78.01230303,255,766,225
818,70504877,78.01973818,255,772,225
819,70532637,78.05045702,255,776,227
820,70537734,78.05609729,255,772,225
821,70499950,78.01428603,255,766,225
822,70504647,78.01948367,255,766,225
823,70499319,78.01358777,255,766,225
824,70518027,78.03428979,255,765,226
825,70520106,78.03659039,255,763,225
826,70539558,78.0581157,255,764,225
827,70559248,78.07990439,255,780,225
828,70541642,78.06042183,255,780,225
829,60702876,67.17297716,255,775,225
830,70559214,78.07986677,255,775,225
831,70569995,78.09179688,255,771,225
832,70548301,78.06779059,255,771,225
833,60567699,67.02339213,255,765,225
834,62518121,69.18170259,255,765,225
835,70542460,78.06132702,255,765,225
836,70518526,78.03484198,255,762,225
837,70532628,78.05044706,255,762,225
838,70506248,78.02125531,255,770,225
839,70505786,78.02074407,255,770,225
840,70531461,78.04915567,255,770,225
841,70499752,78.01406693,255,765,225
842,70519576,78.0360039,255,765,225
843,56896148,62.96050372,255,785,225
844,70499353,78.0136254,255,772,225
845,70510343,78.02578678,255,780,225
846,70538695,78.05716072,255,766,225
847,54113361,59.88110946,255,767,225
848,70477924,77.98991236,255,779,224
849,70505215,78.02011221,255,782,224
850,70511917,78.02752855,255,784,225
851,70569184,78.09089943,255,795,225
852,70512064,78.02769122,255,768,224
853,70460750,77.97090784,255,788,224
854,70512728,78.02842599,255,788,224
855,70507586,78.02273592,255,784,224
856,70521270,78.03787845,255,784,224
857,70556392,78.07674398,255,780,225
858,70541934,78.06074495,255,778,225
859,70545989,78.06523216,255,778,225
860,70519293,78.03569073,255,778,225
861,70523212,78.04002744,255,778,225
862,70544750,78.0638611,255,775,225
863,70552230,78.07213837,255,772,225
864,70557988,78.07851009,255,778,225
865,70516247,78.03232007,255,782,224
866,68401250,75.69189315,255,769,225
867,70560517,78.08130865,255,776,225
868,70532963,78.05081777,255,772,223
869,70535177,78.05326775,255,772,223
870,70523349,78.04017905,255,776,223
871,70585483,78.10893569,255,771,225
872,70593188,78.11746193,255,827,225
873,70572389,78.09444604,255,784,223
874,70572583,78.09466072,255,784,223
875,70530254,78.04782002,255,770,223
876,70564245,78.085434,255,781,223
877,70575503,78.09789195,255,817,225
878,70579008,78.10177054,255,782,223
879,70579396,78.10219989,255,782,223
880,70538825,78.05730458,255,778,223
881,69059156,76.41992298,255,817,223
882,70485309,77.9980845,255,808,223
883,70612615,78.13895959,255,768,223
884,70573559,78.09574075,255,776,223
885,62513155,69.17620729,255,773,223
886,70619673,78.14676987,255,785,223
887,70585522,78.10897884,255,780,223
888,70602034,78.1272508,255,779,223
889,70611890,78.13815731,255,796,224
890,70582510,78.1056458,255,772,223
891,70598926,78.12381153,255,785,223
892,70605615,78.13121348,255,763,223
893,70616257,78.14298978,255,784,223
894,70606972,78.13271512,255,805,223
895,70619113,78.14615019,255,773,223
896,70568270,78.08988801,255,774,223
897,70578813,78.10155475,255,775,223
898,70582882,78.10605745,255,796,223
899,70639639,78.16886398,255,796,223
900,70660519,78.1919695,255,772,223
901,70645817,78.17570047,255,772,223
902,70630080,78.15828612,255,783,223
903,70671386,78.20399478,255,780,223
904,70672240,78.2049398,255,780,223
905,70628781,78.15684866,255,772,223
906,70671077,78.20365284,255,849,223
907,70675995,78.20909503,255,771,223
908,70697077,78.23242409,255,781,223
909,70700081,78.23574827,255,768,223
910,70663536,78.19530807,255,775,223
911,70679584,78.21306657,255,800,223
912,70704021,78.24010822,255,769,223
913,70703614,78.23965784,255,810,223
914,70701714,78.23755533,255,782,221
915,70713035,78.25008299,255,769,223
916,70739399,78.27925704,255,824,223
917,70730810,78.26975257,255,775,223
918,70731373,78.27037558,255,779,223
919,70724831,78.26313629,255,768,223
920,70735803,78.27527775,255,774,223
921,70721550,78.25950558,255,769,223
922,70731074,78.27004471,255,837,223
923,70736898,78.27648947,255,770,223
924,70742115,78.28226253,255,769,222
925,70726402,78.26487473,255,782,223
926,70742290,78.28245618,255,789,223
927,70693763,78.22875686,255,795,223
928,70724295,78.26254316,255,823,223
929,70710538,78.24731985,255,805,223
930,70723490,78.26165235,255,775,222
931,70703178,78.23917537,255,820,223
932,70706928,78.24332507,255,814,223
933,70745473,78.28597844,255,780,221
934,70745058,78.28551921,255,780,221
935,70708827,78.24542648,255,788,223
936,70739818,78.2797207,255,776,223
937,70717687,78.25523083,255,778,223
938,70723135,78.26125952,255,865,223
939,69683391,77.11069294,255,865,223
940,70706083,78.24239001,255,853,223
941,70711366,78.2482361,255,824,222
942,70724344,78.26259738,255,794,222
943,70703007,78.23898615,255,826,222
944,70703166,78.23916209,255,826,222
945,70695336,78.23049752,255,818,222
946,70720779,78.2586524,255,783,222
947,68655146,75.97285101,255,827,223
948,70762122,78.304402,255,852,223
949,70702606,78.2385424,255,774,222
950,70701257,78.23704962,255,774,222
951,70700753,78.2364919,255,780,223
952,70697535,78.2329309,255,770,222
953,70690095,78.2246979,255,776,222
954,70698941,78.23448677,255,776,222
955,70682012,78.21575336,255,780,221
956,70698154,78.23361588,255,772,221
957,70720160,78.25796742,255,775,221
958,70711013,78.24784548,255,776,221
959,70714587,78.25180042,255,781,223
960,70729137,78.26790125,255,790,223
961,70699807,78.23544507,255,782,221
962,70662157,78.19378209,255,788,222
963,70664404,78.19626859,255,788,222
964,70663989,78.19580936,255,770,221
965,70650207,78.18055838,255,779,221
966,70658070,78.18925947,255,811,221
967,70657968,78.1891466,255,770,221
968,70672883,78.20565134,255,768,221
969,70678757,78.21215143,255,768,221
970,70665832,78.1978488,255,769,221
971,64748395,71.64969348,255,776,221
972,70675234,78.20825292,255,782,221
973,70660949,78.19244533,255,774,221
974,65625165,72.61991524,255,864,221
975,70644765,78.17453634,255,864,221
976,67212647,74.37660123,255,777,222
977,70657429,78.18855015,255,774,222
978,70634878,78.16359552,255,773,221
979,70640419,78.16972712,255,783,221
980,70642867,78.17243604,255,783,221
981,70673448,78.20627656,255,770,221
982,70671545,78.20417072,255,771,221
983,70676323,78.20945799,255,771,221
984,70670718,78.20325558,255,771,221
985,65930395,72.9576786,255,770,221
986,70659930,78.19131772,255,771,221
987,70651414,78.18189403,255,788,221
988,70666145,78.19819516,255,781,221
989,70650507,78.18089036,255,768,221
990,70665206,78.19715607,255,768,221
991,70591781,78.11590497,255,835,221
992,70610394,78.13650186,255,768,221
993,70611808,78.13806657,255,769,221
994,70617133,78.14395914,255,775,221
995,70615034,78.14163642,255,782,221
996,68598055,75.90967488,255,768,221
997,70634230,78.16287845,255,768,221
998,70639366,78.16856188,255,768,221
999,70617992,78.1449097,255,772,221
1000,70630374,78.15861146,255,778,221
1001,70618451,78.14541763,255,776,221
1002,69781102,77.21881861,255,768,219
1003,70611232,78.13742918,255,771,221
1004,70603673,78.12906449,255,771,221
1005,70607954,78.13380179,255,768,221
1006,69736238,77.16917272,255,792,221
1007,70623462,78.15096273,255,772,220
1008,70634681,78.16337752,255,782,221
1009,70632847,78.16134804,255,782,221
1010,70606867,78.13259893,255,772,221
1011,70644416,78.17415014,255,769,221
1012,70637297,78.16627235,255,792,221
1013,70624270,78.15185685,255,777,221
1014,67701110,74.91712774,255,777,221
1015,70580004,78.1028727,255,783,221
1016,70594088,78.11845786,255,781,221
1017,70610628,78.1367608,255,778,221
1018,70601452,78.12660676,255,778,221
1019,70591302,78.11537491,255,779,219
1020,70631353,78.1596948,255,780,220
1021,70633365,78.16192126,255,792,221
1022,70624936,78.15259384,255,779,221
1023,70614471,78.14101341,255,771,221
1024,70579923,78.10278306,255,779,221
1025,70581760,78.10481586,255,787,219
1026,70597292,78.12200336,255,775,219
1027,70607197,78.1329641,255,780,219
1028,70578156,78.10082773,255,779,219
1029,70564542,78.08576266,255,771,219
1030,70622233,78.14960274,255,768,221
1031,70590685,78.11469215,255,772,220
1032,70607844,78.13368006,255,776,221
1033,70570070,78.09187987,255,770,220
1034,70609684,78.13571618,255,768,221
1035,70575716,78.09812766,255,771,220
1036,70558572,78.07915634,255,774,219
1037,70565233,78.08652731,255,771,219
1038,67001284,74.14270981,255,769,221
1039,70604004,78.12943077,255,769,221
1040,70534562,78.0525872,255,779,219
1041,70537623,78.05597446,255,779,219
1042,70536237,78.05444073,255,772,219
1043,70574567,78.09685619,255,782,219
1044,70551026,78.07080604,255,779,219
1045,70588697,78.11249225,255,865,219
1046,70558907,78.07952704,255,812,221
1047,70585037,78.10844215,255,864,221
1048,70595696,78.12023725,255,777,221
1049,70596391,78.12100633,255,777,221
1050,70557035,78.07745552,255,780,219
1051,70559475,78.08015559,255,780,219
1052,70539892,78.0584853,255,782,219
1053,70557037,78.07745773,255,775,219
1054,70551323,78.07113469,255,789,219
1055,70542854,78.06176301,255,789,219
1056,70530587,78.04818852,255,771,219
1057,70550853,78.0706146,255,781,220
1058,70578562,78.101277,255,772,220
1059,70543541,78.06252324,255,735,569
1060,70543853,78.06286849,255,784,219
1061,70532571,78.05038399,255,788,219
1062,60263871,66.6871802,255,770,219
1063,70616547,78.14331069,255,776,219
1064,70568793,78.09046676,255,777,220
1065,70559140,78.07978488,255,777,220
1066,70526724,78.04391377,255,784,219
1067,70541123,78.05984751,255,769,219
1068,70574104,78.09634384,255,775,219
1069,70559722,78.08042891,255,775,219
1070,70536224,78.05442635,255,768,219
1071,70587029,78.11064647,255,770,219
1072,70575244,78.09760535,255,770,219
1073,70579958,78.1028218,255,777,218
1074,70572717,78.094809,255,787,220
1075,70549477,78.06909194,255,771,219
1076,70553216,78.07322946,255,823,219
1077,70540437,78.05908839,255,780,219
1078,70524585,78.04154679,255,862,219
1079,70533354,78.05125044,255,862,219
1080,52668006,58.28169927,255,771,219
1081,61330806,67.86783596,255,861,219
1082,52357202,57.93776779,255,785,219
1083,70577409,78.10000111,255,979,545
1084,70518677,78.03500907,255,866,219
1085,70259901,77.74865107,255,780,220
1086,70521359,78.03797694,255,866,219
1087,70519996,78.03646866,255,777,219
1088,70491630,78.00507923,255,793,218
1089,70491213,78.00461779,255,786,219
1090,70490704,78.00405453,255,859,219
1091,70472548,77.98396335,255,873,218
1092,70488115,78.00118958,255,870,219
1093,70494917,78.00871658,255,787,220
1094,70513855,78.02967311,255,860,219
1095,56038635,62.01159149,255,780,219
1096,70516436,78.03252921,255,777,219
1097,70509321,78.02465585,255,776,219
1098,70495843,78.00974128,255,777,218
1099,70521921,78.03859884,255,859,219
1100,70540768,78.05945467,255,864,219
1101,70506297,78.02130953,255,959,545
1102,70520642,78.03718352,255,861,219
1103,70517817,78.03405741,255,772,218
1104,70520711,78.03725987,255,772,218
1105,70475636,77.98738049,255,778,219
1106,70502616,78.01723619,255,776,217
1107,70503157,78.01783485,255,786,219
1108,60094361,66.49960274,255,868,219
1109,70500248,78.01461579,255,868,219
1110,70471982,77.98333702,255,778,217
1111,66280529,73.34513213,255,782,217
1112,70539761,78.05834034,255,766,542
1113,70532900,78.05074805,255,766,542
1114,70497427,78.01149411,255,856,219
1115,70504975,78.01984663,255,778,220
1116,70460751,77.97090895,255,770,218
1117,70497708,78.01180506,255,820,219
1118,70486960,77.99991147,255,871,218
1119,70495625,78.00950004,255,753,542
1120,66699522,73.80878408,255,768,217
1121,70487311,78.00029988,255,774,217
1122,70486762,77.99969237,255,772,217
1123,70459082,77.96906206,255,780,217
1124,70518261,78.03454873,255,867,219
1125,70487302,78.00028993,255,784,218
1126,70489574,78.00280409,255,923,545
1127,70492568,78.00611721,255,787,217
1128,70471729,77.98305706,255,775,217
1129,70462606,77.97296167,255,772,217
1130,70463210,77.97363005,255,778,217
1131,70468565,77.97955582,255,868,218
1132,70485575,77.99837885,255,801,217
1133,70505090,78.01997388,255,864,218
1134,70495958,78.00986854,255,813,218
1135,70497522,78.01159924,255,782,217
1136,70472924,77.98437943,255,775,217
1137,70466401,77.97716116,255,864,219
1138,70465279,77.97591957,255,786,218
1139,70453782,77.96319715,255,868,218
1140,70457161,77.9669363,255,868,218
1141,70431408,77.93843839,255,779,217
1142,70445061,77.95354661,255,857,217
1143,70456751,77.9664826,255,808,218
1144,70468292,77.97925372,255,808,218
1145,70487525,78.00053669,255,800,217
1146,70486001,77.99885026,255,800,217
1147,70447247,77.95596561,255,772,217
1148,65575000,72.56440333,255,857,217
1149,67386901,74.56942834,255,857,217
1150,70433732,77.94101009,255,792,217
1151,67393507,74.57673845,255,851,217
1152,70407369,77.91183715,255,835,217
1153,70420958,77.92687456,255,779,217
1154,70423113,77.92925925,255,772,217
1155,70439591,77.94749358,255,791,217
1156,70438626,77.94642573,255,848,217
1157,70431000,77.9379869,255,853,217
1158,70409396,77.91408021,255,868,217
1159,70468280,77.97924044,255,826,217
1160,70469851,77.98097889,255,826,217
1161,70446270,77.95488447,255,853,217
1162,70454562,77.96406029,255,853,217
1163,70429891,77.93675969,255,854,217
1164,70418602,77.92426744,255,817,217
1165,70417782,77.92336004,255,855,217
1166,70414237,77.91943719,255,819,218
1167,70411772,77.91670945,255,817,218
1168,70449070,77.95798291,255,822,217
1169,70454591,77.96409238,255,780,216
1170,70462352,77.97268059,255,801,216
1171,70472504,77.98391466,255,784,216
1172,70478127,77.990137,255,764,215
1173,70418803,77.92448986,255,776,216
1174,70418474,77.9241258,255,776,216
1175,70414573,77.919809,255,776,216
1176,67112046,74.26527753,255,777,215
1177,70447336,77.95606409,255,798,215
1178,70455156,77.9647176,255,783,216
1179,70461420,77.97164926,255,787,217
1180,70436644,77.94423247,255,776,216
1181,70410474,77.91527311,255,795,216
1182,70407671,77.91217134,255,800,215
1183,70398808,77.90236367,255,774,215
1184,70399945,77.90362186,255,774,215
1185,70397799,77.90124712,255,774,215
1186,65190564,72.13899168,255,820,215
1187,70418818,77.92450646,255,780,216
1188,70404604,77.90877744,255,817,217
1189,70397451,77.90086203,255,781,215
1190,69017976,76.37435375,255,781,215
1191,64324432,71.18054178,255,774,215
1192,70367170,77.86735349,255,771,215
1193,64400498,71.26471539,255,774,215
1194,70391918,77.89473929,255,774,215
1195,66932835,74.06696508,255,776,215
1196,70374860,77.87586314,255,775,215
1197,70401468,77.90530719,255,784,216
1198,70388443,77.8908939,255,772,215
1199,70388935,77.89143834,255,871,215
1200,70387118,77.88942767,255,786,216
1201,70391177,77.89391931,255,785,215
1202,70386086,77.88828568,255,784,215
1203,70400292,77.90400584,255,784,215
1204,70395991,77.89924641,255,784,215
1205,70374124,77.87504869,255,772,215
1206,70403145,77.90716293,255,776,215
1207,67222418,74.38741369,255,775,215
1208,63782472,70.58081622,255,774,215
1209,70378003,77.87934114,255,781,215
1210,70378698,77.88011022,255,781,215
1211,70381319,77.88301058,255,781,215
1212,70423397,77.92957352,255,779,215
1213,70413970,77.91914173,255,779,215
1214,70366445,77.86655121,255,773,216
1215,70355637,77.85459123,255,790,541
1216,70368409,77.86872455,255,797,215
1217,70380045,77.88160079,255,814,215
1218,70362531,77.86222003,255,779,216
1219,65235753,72.18899721,255,779,216
1220,70361823,77.86143657,255,779,215
1221,70367069,77.86724172,255,775,216
1222,70369358,77.8697747,255,786,542
1223,70369067,77.86945268,255,786,542
1224,65097555,72.03606918,255,776,215
1225,70353462,77.8521844,255,782,216
1226,70369535,77.86997056,255,787,215
1227,70378176,77.87953258,255,794,215
1228,70375038,77.87606011,255,868,215
1229,70368596,77.86893148,255,869,216
1230,70371063,77.87166143,255,869,216
1231,70345398,77.84326089,255,868,215
1232,70342250,77.83977735,255,768,541
1233,70384054,77.88603709,255,869,215
1234,64894302,71.81115218,255,781,215
1235,70393513,77.89650429,255,781,215
1236,70367058,77.86722955,255,865,215
1237,70381360,77.88305595,255,784,213
1238,70373525,77.87438584,255,766,541
1239,70389836,77.89243538,255,779,216
1240,70363016,77.86275673,255,861,216
1241,70365634,77.86565377,255,858,216
1242,70333323,77.82989886,255,877,214
1243,70106948,77.57939536,255,782,213
1244,70343482,77.84114067,255,752,542
1245,70111721,77.5846771,255,753,541
1246,70329630,77.82581223,255,753,541
1247,70341844,77.83932808,255,753,541
1248,70371953,77.87264629,255,752,541
1249,70372003,77.87270162,255,753,541
1250,70391590,77.89437633,255,753,541
1251,70388500,77.89095698,255,753,541
1252,68906496,76.2509915,255,788,214
1253,70347000,77.84503364,255,788,214
1254,70317683,77.81259185,255,865,213
1255,70320515,77.8157257,255,803,214
1256,70347520,77.84560907,255,861,213
1257,70375669,77.87675837,255,792,213
1258,70362669,77.86237274,255,861,213
1259,70375366,77.87642307,255,784,213
1260,62815621,69.51091205,255,857,213
1261,70397479,77.90089302,255,859,213
1262,70375284,77.87633233,255,860,213
1263,65639262,72.63551478,255,860,213
1264,70321470,77.81678249,255,856,213
1265,70320351,77.81554422,255,865,213
1266,70321795,77.81714213,255,866,213
1267,70322585,77.81801633,255,772,213
1268,70340148,77.83745131,255,784,213
1269,70314737,77.80933184,255,854,213
1270,70316241,77.81099615,255,854,213
1271,70332088,77.82853222,255,768,213
1272,64535333,71.41392196,255,783,213
1273,70317350,77.81222335,255,864,213
1274,70325145,77.82084919,255,716,539
1275,70338394,77.83551036,255,869,213
1276,70312790,77.80717732,255,856,213
1277,68518090,75.8211867,255,521,549
1278,70323618,77.81915944,255,708,542
1279,70324014,77.81959765,255,377,562
1280,70465450,77.9761088,255,861,213
1281,68725696,76.05092068,255,868,214
1282,69717945,77.14892993,255,857,213
1283,70323929,77.81950359,255,861,213
1284,70367838,77.86809269,255,798,213
1285,70369172,77.86956887,255,788,213
1286,70340150,77.83745352,255,820,213
1287,70375787,77.87688894,255,507,550
1288,70324653,77.82030475,255,868,214
1289,70326040,77.82183959,255,867,214
1290,70339702,77.83695777,255,768,214
1291,70315948,77.81067192,255,881,213
1292,70308709,77.80266134,255,687,539
1293,70295421,77.78795702,255,685,539
1294,70298071,77.79088947,255,869,213
1295,70301062,77.79419927,255,869,213
1296,70293637,77.78598287,255,782,211
1297,70322872,77.81833392,255,513,532
1298,70295239,77.78775562,255,782,213
1299,70297152,77.78987252,255,782,213
1300,70287774,77.77949495,255,682,539
1301,70287220,77.77888191,255,781,211
1302,70332001,77.82843595,255,873,214
1303,66878644,74.00699805,255,792,214
1304,70295442,77.78798026,255,792,214
1305,70251020,77.73882348,255,503,530
1306,70263070,77.75215784,255,785,211
1307,70252158,77.74008277,255,798,213
1308,70261272,77.7501682,255,782,213
1309,70295132,77.78763722,255,788,211
1310,70292902,77.78516953,255,867,214
1311,70304150,77.79761641,255,864,213
1312,70288328,77.780108,255,782,211
1313,70273682,77.76390094,255,788,211
1314,70270807,77.7607195,255,788,211
1315,70297503,77.79026093,255,494,546
1316,70290586,77.78260667,255,776,211
1317,70254590,77.74277399,255,773,211
1318,70235638,77.72180197,255,771,211
1319,70248047,77.7355336,255,781,212
1320,70258866,77.74750575,255,773,211
1321,70261063,77.74993692,255,791,212
1322,70260418,77.74922318,255,785,214
1323,70275561,77.76598021,255,794,211
1324,69070602,76.43258897,255,515,563
1325,70272508,77.76260181,255,862,211
1326,70256055,77.74439514,255,478,529
1327,70257985,77.74653085,255,476,545
1328,70221204,77.7058295,255,779,212
1329,67027124,74.171304,255,781,212
1330,70179985,77.66021711,255,469,529
1331,70159081,77.63708503,255,462,529
1332,70159373,77.63740815,255,867,211
1333,70138865,77.61471428,255,864,211
1334,70158048,77.63594193,255,462,530
1335,70172530,77.65196751,255,791,211
1336,70176831,77.65672694,255,862,212
1337,70153486,77.63089368,255,784,212
1338,70158075,77.6359718,255,794,211
1339,70168356,77.64734862,255,863,211
1340,70164230,77.64278284,255,863,211
1341,65366976,72.3342068,255,788,212
1342,70019526,77.48265536,255,484,563
1343,69992309,77.4525374,255,863,212
1344,69951007,77.40683317,255,857,211
1345,69959727,77.4164826,255,869,211
1346,69984700,77.44411739,255,869,211
1347,70023120,77.48663244,255,442,529
1348,69998894,77.45982427,255,871,211
1349,69976988,77.43558339,255,442,543
1350,69982545,77.44173269,255,442,543
1351,70000222,77.46129382,255,792,211
1352,70000743,77.46187035,255,869,214
1353,69982663,77.44186327,255,869,211
1354,65401130,72.37200115,255,881,212
1355,69890896,77.34031516,255,881,212
1356,69747630,77.18177895,255,870,211
1357,69712187,77.14255821,255,860,211
1358,60564551,67.0199086,255,869,211
1359,69670139,77.09602846,255,867,211
1360,69661092,77.08601717,255,867,211
1361,69668742,77.09448256,255,871,211
1362,69673384,77.09961933,255,788,212
1363,69709120,77.13916431,255,422,543
1364,69694364,77.12283552,255,420,543
1365,69694578,77.12307233,255,420,543
1366,69665838,77.09126903,255,870,212
1367,69655016,77.07929356,255,864,212
1368,69601077,77.01960539,255,873,212
1369,69435909,76.83683273,255,861,209
1370,69445494,76.84743936,255,862,209
1371,69316928,76.70516997,255,861,211
1372,69304053,76.69092267,255,868,211
1373,69277508,76.66154834,255,864,211
1374,69317277,76.70555617,255,878,212
1375,69275775,76.65963062,255,871,211
1376,69278109,76.66221339,255,871,211
1377,69287357,76.67244711,255,405,527
1378,69286023,76.67097092,255,404,530
1379,69280198,76.66452505,255,775,539
1380,69275235,76.65903306,255,404,530
1381,69278755,76.66292825,255,404,530
1382,63774873,70.57240727,255,870,211
1383,69137150,76.50623008,255,857,211
1384,69069319,76.43116922,255,868,209
1385,68981993,76.33453546,255,785,212
1386,68990800,76.34428116,255,872,212
1387,68842713,76.1804101,255,800,211
1388,68815494,76.15028993,255,877,211
1389,68833395,76.17009893,255,1039,233
1390,68828334,76.1644985,255,1039,233
1391,68798522,76.13150894,255,865,211
1392,68792465,76.12480635,255,873,212
1393,65440997,72.41611743,255,1055,239
1394,59099709,65.39893436,255,783,209
1395,68807760,76.14173159,255,783,209
1396,68795695,76.12838062,255,864,211
1397,68803693,76.1372311,255,1054,239
1398,68816258,76.15113536,255,1054,239
1399,68782028,76.11325691,255,860,211
1400,68776159,76.10676235,255,860,211
1401,68571589,75.88038797,255,860,209
1402,68489448,75.78949186,255,1045,237
1403,68362523,75.64903838,255,1043,237
1404,68239069,75.51242586,255,862,212
1405,68248442,75.52279789,255,862,212
1406,68215008,75.48580028,255,862,212
1407,68191257,75.45951775,255,861,209
1408,68148523,75.41222889,255,1036,237
1409,68198072,75.46705914,255,859,209
1410,68206813,75.47673181,255,859,209
1411,68174726,75.44122477,255,864,209
1412,58319862,64.53596627,255,1039,237
1413,68127716,75.38920414,255,868,211
1414,68133882,75.39602735,255,868,211
1415,68033628,75.28508764,255,873,212
1416,64501132,71.3760756,255,1034,237
1417,67670808,74.88359596,255,1027,237
1418,67534580,74.73284791,255,795,209
1419,67538051,74.73668887,255,797,209
1420,67538909,74.73763832,255,797,209
1421,67517069,74.71347048,255,792,209
1422,67545401,74.74482228,255,855,209
1423,67547810,74.74748805,255,807,209
1424,60833285,67.31728599,255,856,209
1425,67505144,74.70027443,255,860,210
1426,67439145,74.62724084,255,853,209
1427,67211097,74.37488602,255,800,210
1428,67119857,74.27392108,255,1019,239
1429,66993809,74.13443808,255,858,209
1430,66996815,74.13776447,255,863,209
1431,66812834,73.9341736,255,782,209
1432,66809356,73.93032489,255,860,209
1433,66749628,73.8642307,255,868,210
1434,66820254,73.94238447,255,863,209
1435,66815693,73.93733733,255,863,209
1436,66784161,73.90244445,255,865,209
1437,65927739,72.95473951,255,798,209
1438,66774274,73.89150363,255,791,209
1439,66757109,73.87250907,255,782,209
1440,66759950,73.87565289,255,782,209
1441,66779237,73.89699562,255,864,209
1442,66822251,73.94459433,255,784,209
1443,66799912,73.91987429,255,778,209
1444,66819369,73.94140514,255,781,209
1445,66790350,73.90929311,255,857,209
1446,66803858,73.92424088,255,779,209
1447,66815146,73.93673203,255,785,209
1448,66799656,73.91959101,255,804,209
1449,66761138,73.87696751,255,880,209
1450,66757543,73.87298933,255,785,209
1451,66767487,73.88399323,255,785,209
1452,66808642,73.92953479,255,784,210
1453,66792678,73.91186925,255,881,209
1454,66786353,73.90487009,255,880,209
1455,66833853,73.95743294,255,793,209
1456,66833838,73.95741634,255,793,209
1457,66781391,73.89937921,255,505,535
1458,66813380,73.9347778,255,783,209
1459,66842017,73.96646711,255,783,209
1460,66830484,73.95370485,255,782,210
1461,66814382,73.9358866,255,784,210
1462,66793274,73.91252877,255,793,209
1463,66843686,73.968314,255,793,209
1464,66808272,73.92912535,255,862,209
1465,66832787,73.95625332,255,862,209
1466,66835110,73.95882392,255,787,209
1467,66814546,73.93606808,255,860,209
1468,66815554,73.93718352,255,862,209
1469,66812102,73.93336358,255,862,209
1470,66772620,73.88967334,255,785,209
1471,66774342,73.89157888,255,785,209
1472,66757354,73.87278019,255,796,209
1473,66812223,73.93349748,255,786,210
1474,66825416,73.94809667,255,864,209
1475,66832268,73.955679,255,865,209
1476,66820438,73.94258808,255,865,209
1477,66756041,73.87132724,255,860,209
1478,66816193,73.93789063,255,864,210
1479,66772510,73.88955161,255,867,209
1480,66794684,73.91408906,255,867,209
1481,66795399,73.91488027,255,867,209
1482,66776731,73.89422251,255,793,209
1483,66765281,73.8815521,255,793,209
1484,66827632,73.95054887,255,869,209
1485,66802441,73.92267285,255,858,210
1486,66804751,73.92522906,255,858,210
1487,66787229,73.90583946,255,859,209
1488,66818614,73.94056967,255,865,209
1489,66808281,73.92913531,255,864,209
1490,66832817,73.95628652,255,860,209
1491,66835227,73.95895339,255,860,209
1492,66779724,73.89753453,255,1017,267
1493,66818835,73.94081423,255,860,209
1494,66834848,73.95853399,255,861,209
1495,66825886,73.94861677,255,339,528
1496,66820151,73.94227049,255,865,209
1497,66845557,73.97038443,255,778,209
1498,59387517,65.71741878,255,778,209
1499,66841215,73.96557963,255,862,209
1500,66833786,73.9573588,255,862,209
1501,66805901,73.92650164,255,859,209
1502,66821964,73.94427674,255,794,210
1503,66795937,73.91547561,255,881,209
1504,66835488,73.95924221,255,795,211
1505,66836665,73.96054466,255,795,211
1506,66795379,73.91485814,255,862,209
1507,66829596,73.9527222,255,506,535
1508,66802709,73.92296941,255,506,535
1509,66809195,73.93014673,255,506,535
1510,66813142,73.93451443,255,877,209
1511,66809964,73.9309977,255,877,209
1512,63920036,70.73304267,255,785,209
1513,66787030,73.90561925,255,863,209
1514,66826255,73.9490251,255,782,209
1515,66821847,73.94414726,255,782,209
1516,63860711,70.66739443,255,860,209
1517,66841233,73.96559955,255,861,209
1518,66822639,73.94502368,255,796,209
1519,66821903,73.94420923,255,862,210
1520,66814007,73.93547163,255,862,210
1521,66782934,73.90108667,255,782,209
1522,66834521,73.95817214,255,879,209
1523,66794866,73.91429046,255,792,209
1524,66808199,73.92904457,255,339,527
1525,66825681,73.94838992,255,862,209
1526,66820776,73.94296211,255,864,209
1527,66810590,73.93169042,255,864,209
1528,66798792,73.91863492,255,796,209
1529,66807715,73.92850899,255,782,209
1530,66810999,73.93214302,255,793,209
1531,66804343,73.92477758,255,793,209
1532,66811554,73.93275717,255,865,209
1533,66822690,73.94508012,255,785,209
1534,66828041,73.95100146,255,784,209
1535,66831035,73.95431458,255,864,209
1536,66910132,74.04184225,255,864,209
1537,66814085,73.93555794,255,863,209
1538,66825718,73.94843086,255,865,210
1539,66810990,73.93213306,255,863,209
1540,66825750,73.94846627,255,861,209
1541,66820545,73.94270649,255,861,209
1542,66772536,73.88958038,255,850,209
1543,66835022,73.95872654,255,864,209
1544,66839434,73.9636088,255,863,209
1545,66824505,73.94708857,255,854,209
1546,66825987,73.94872853,255,854,209
1547,66819842,73.94192856,255,1015,266
1548,66832500,73.95593573,255,798,209
1549,66818097,73.93999757,255,870,209
1550,66838889,73.96300571,255,859,209
1551,66827781,73.95071375,255,792,209
1552,66822811,73.94521401,255,860,209
1553,66819322,73.94135313,255,787,209
1554,66829077,73.95214788,255,787,210
1555,66884623,74.01361433,255,864,209
1556,66892240,74.0220432,255,862,209
1557,66896891,74.02718993,255,792,210
1558,66946433,74.08201244,255,856,209
1559,66944752,74.08015227,255,795,209
1560,66847019,73.97200226,255,795,209
1561,66852197,73.97773216,255,795,209
1562,66812353,73.93364133,255,785,209
1563,66819434,73.94147707,255,785,209
1564,66797000,73.91665191,255,795,209
1565,66798498,73.91830958,255,868,209
1566,66804116,73.92452638,255,868,209
1567,66765458,73.88174796,255,780,209
1568,66841323,73.96569914,255,785,209
1569,66820993,73.94320224,255,785,209
1570,66851165,73.97659016,255,1259,141
1571,66864447,73.99128785,255,1181,127
1572,66855145,73.98099438,255,1181,127
1573,66870324,73.99779125,255,1142,134
1574,66873148,74.00091625,255,784,209
1575,66873792,74.0016289,255,784,209
1576,66864442,73.99128231,255,784,209
1577,66831789,73.95514895,255,864,209
1578,66815886,73.9375509,255,783,209
1579,66734457,73.84744268,255,788,209
1580,66836941,73.96085008,255,788,209
1581,66814256,73.93574717,255,788,209
1582,66840881,73.96521003,255,784,209
1583,66834270,73.95789439,255,771,209
1584,66833207,73.95671809,255,858,209
1585,66811855,73.93309025,255,858,209
1586,66801570,73.92170901,255,858,209
1587,66802386,73.92261199,255,792,209
1588,66830987,73.95426146,255,792,209
1589,59684513,66.04607051,255,795,209
1590,66846001,73.97087575,255,796,209
1591,66822104,73.94443166,255,798,209
1592,66793621,73.91291276,255,782,209
1593,66834235,73.95785566,255,866,209
1594,66833175,73.95668268,255,868,209
1595,66804727,73.92520251,255,808,209
1596,66801203,73.92130289,255,783,209
1597,66807544,73.92831976,255,863,209
1598,66806071,73.92668976,255,863,209
1599,66802582,73.92282888,255,863,209
1600,66833491,73.95703236,255,863,209
1601,66803575,73.92392772,255,863,209
1602,66783656,73.90188562,255,795,209
1603,66824126,73.94666917,255,860,209
1604,66806429,73.92708592,255,786,209
1605,66783414,73.90161783,255,787,209
1606,66781673,73.89969126,255,882,209
1607,66773303,73.89042913,255,863,209
1608,66767582,73.88409835,255,792,209
1609,66771293,73.8882049,255,795,209
1610,66775946,73.89335384,255,804,209
1611,66775376,73.89272309,255,804,209
1612,66769105,73.88578368,255,858,209
1613,66814289,73.93578368,255,860,209
1614,66805907,73.92650828,255,860,209
1615,66804672,73.92514164,255,864,209
1616,66785594,73.90403019,255,864,209
1617,66769606,73.88633808,255,859,209
1618,66802515,73.92275474,255,795,209
1619,66806599,73.92727404,255,796,209
1620,66771688,73.888642,255,883,209
1621,66768130,73.88470476,255,883,209
1622,66755236,73.87043644,255,862,209
1623,66803921,73.9243106,255,862,209
1624,66795101,73.9145505,255,796,209
1625,66807461,73.92822791,255,785,210
1626,66799097,73.91897242,255,785,210
1627,66780556,73.89845521,255,863,209
1628,66808404,73.92927142,255,1016,266
1629,66799286,73.91918157,255,788,209
1630,66774432,73.89167847,255,795,209
1631,66775593,73.89296322,255,795,209
1632,66765494,73.8817878,255,804,209
1633,66815270,73.93686925,255,863,209
1634,66802591,73.92283884,255,865,209
1635,66814304,73.93580028,255,864,209
1636,66793976,73.91330559,255,858,209
1637,66778958,73.89668688,255,784,209
1638,66814868,73.9364244,255,786,209
1639,66801386,73.9215054,255,786,209
